{"train_loss": 0.01617799699306488, "test_loss": 0.01730303280055523, "_timestamp": 1662908457.4828274, "_runtime": 541.7113795280457, "_step": 21, "_wandb": {"runtime": 59}}