{"train_loss": 0.0020393445156514645, "test_loss": 0.0020060136448591948, "_timestamp": 1662976841.6491308, "_runtime": 1168.9424328804016, "_step": 944, "_wandb": {"runtime": 1168}}