{"train_loss": null, "test_loss": null, "_timestamp": 1663040349.8191087, "_runtime": 95.53309774398804, "_step": 99, "_wandb": {"runtime": 95}}