{"train_loss": null, "test_loss": null, "_timestamp": 1663039988.9339151, "_runtime": 95.73363709449768, "_step": 99, "_wandb": {"runtime": 95}}