{"train_loss": 0.00445182342082262, "test_loss": 0.004567478317767382, "_timestamp": 1663042184.7838252, "_runtime": 95.4488582611084, "_step": 99, "_wandb": {"runtime": 95}}