{"train_loss": null, "test_loss": null, "_timestamp": 1663041751.0547116, "_runtime": 53.69499063491821, "_step": 21, "_wandb": {"runtime": 53}}