{"train_loss": 0.0018425164744257927, "test_loss": 0.0019071886781603098, "_timestamp": 1663043485.2565417, "_runtime": 1206.4728186130524, "_step": 2165, "reconstruction": {"_type": "images/separated", "width": 640, "height": 480, "format": "png", "count": 1, "filenames": ["media/images/reconstruction_2120_400e6e32e11a5c44929a.png"]}, "original image": {"_type": "images/separated", "width": 640, "height": 480, "format": "png", "count": 1, "filenames": ["media/images/original image_2120_e47af6360c9022067281.png"]}, "_wandb": {"runtime": 1206}}