{"train_loss": 0.0015948780346661806, "test_loss": 0.0018578805029392242, "_timestamp": 1662974237.1713512, "_runtime": 1446.7366271018982, "_step": 1453, "_wandb": {"runtime": 1446}}