{"train_loss": 0.001954831415787339, "test_loss": 0.0019039497710764408, "_timestamp": 1662975497.4814122, "_runtime": 1178.487240076065, "_step": 944, "_wandb": {"runtime": 1178}}