{"train_loss": 0.002856701146811247, "test_loss": 0.003079602960497141, "_timestamp": 1662972523.9105647, "_runtime": 762.1083705425262, "_step": 224, "_wandb": {"runtime": 761}}