{"train_loss": 0.03647433593869209, "test_loss": 0.05501055344939232, "_timestamp": 1662909864.7271914, "_runtime": 26.20449137687683, "_step": 10, "_wandb": {"runtime": 32}}